utm_medium,utm_source,utm_campaign,uuid,time
link,everytime,survey,kn4bxfp01dq3cry3svwe,2023. 7. 9. 오후 12:30:45
link,everytime,survey,ghtygzm2n0vw6ugsg4yzks,2023. 7. 9. 오후 3:30:49
link,everytime,survey,q71fozqfk3aphmj531petc,2023. 7. 7. 오후 3:55:03
link,everytime,survey,mp2o2y7skreigqsqs28u9,2023. 7. 9. 오전 11:56:48
link,everytime,survey,irbgnjbsyj79i2yye8l0s,"7/7/2023, 8:27:44 PM"
link,everytime,survey,hiimwigqipsy7bvrj4ndl,2023. 7. 8. 오후 5:55:05
link,everytime,survey,cu30fjce1p8p8jz0kdnmbo,"7/7/2023, 2:23:57 PM"
link,everytime,survey,pvat9y61k2osf6z0nwwwd,2023. 7. 7. 오후 8:27:43
link,everytime,survey,ln7q4ezy14c3an5vyao8xv,2023. 7. 8. 오후 6:02:12
link,everytime,survey,17c15ek9igoi2cokrbgpt,2023. 7. 8. 오후 9:04:28
link,everytime,survey,jcduuao3a8illgl0py29vk,2023. 7. 9. 오후 7:23:27
link,everytime,survey,gcl5wi2itctm1frojjun2,2023. 7. 9. 오후 1:12:58
link,everytime,survey,p44f3bdftnr8cu1zxjs5w9,2023. 7. 10. 오전 8:17:44
link,everytime,survey,jf5h4w3p06szwxutpldy,2023. 7. 9. 오후 11:28:35
link,everytime,survey,3h6h8n67ueyedqjxnlfziu,2023. 7. 9. 오후 7:07:42
link,everytime,survey,3m7uczfm6537qlmf20z27,2023. 7. 7. 오후 11:08:34
link,everytime,survey,6w0ljr15i3ax1rxof4skr,2023. 7. 7. 오전 9:55:52
link,everytime,survey,71kerbc2j8uwfen1oiw6i,2023. 7. 9. 오후 4:43:00
link,everytime,survey,ev5ek2ttrbk1xchzqd2yb2,2023. 7. 9. 오후 6:26:05
link,everytime,survey,f4iw6qsitwesjhfhrcxjo9,2023. 7. 7. 오후 10:25:23
link,everytime,survey,fflxx5qc9wdr5tbksq8lcr,2023. 7. 7. 오후 8:12:41
link,everytime,survey,313a3d9hjgnbm57soyefju,2023. 7. 8. 오후 5:57:47
link,everytime,survey,gulaayz0symnr1x4gedr,2023. 7. 7. 오전 1:08:41
link,everytime,survey,1p7qg4hw3s86ft3jut258,2023. 7. 8. 오후 6:24:15
link,everytime,survey,nr6e67tf43dqezd7og33gr,2023. 7. 7. 오전 1:42:35
link,everytime,survey,73wtxulo3rgxus8t3rdzfp,"10/07/2023, 4:07:31 am"
link,everytime,survey,4es3v4qo1084719y8z6c5b,2023. 7. 9. 오후 1:51:52
direct,direct,direct,fsmza637bgqlxm465zd3v,"7/10/2023, 3:13:34 AM"
link,everytime,survey,lydt8k60feexifeibyjbns,2023. 7. 9. 오전 11:05:59
direct,direct,direct,we94wh3g5rd2uonlqyktgf,"7/6/2023, 8:28:08 AM"
link,everytime,survey,1iw74s3tmpyglh15c3okqg,2023. 7. 9. 오후 2:21:27
link,everytime,survey,pc88zhbxz8998zqwbigvp,2023. 7. 7. 오전 9:48:40
link,everytime,survey,c76l236d3klm7yojmzacod,2023. 7. 10. 오전 12:12:07
direct,direct,direct,ujocsfrscbj7t7l87vxhj7,"7/7/2023, 1:39:51 PM"
link,everytime,survey,9i5ehp7xnu5qz2e2fesysl,2023. 7. 9. 오전 11:30:55
link,everytime,survey,ibu97vvy9sr2cbpvc4zz,2023. 7. 10. 오전 1:29:04
direct,direct,direct,5lgihdoedbttfiyan00ujm,"7/8/2023, 3:38:45 PM"
link,everytime,survey,gmefubir6yah97wj0aklwf,2023. 7. 10. 오후 4:40:33
link,everytime,survey,qrcopzo8ozitmtrog59l,2023. 7. 9. 오후 3:21:51
link,everytime,survey,qxxpxb7r3rrngl66zu95vr,2023. 7. 10. 오전 11:49:59
link,everytime,survey,5zn9lqbxif5uwp5jidfsk,2023. 7. 9. 오후 5:21:33
link,everytime,survey,9th7hcwtzia3lz5ji6thzu,2023. 7. 7. 오전 1:05:12
link,everytime,survey,ns5x9snr1q1uq773t19s8,2023. 7. 7. 오전 11:16:02
link,everytime,survey,e8g6v31bvna3a95sjvrem,2023. 7. 7. 오전 2:11:33
link,everytime,survey,oa9fpcydr2am7c06clfs5,2023. 7. 9. 오후 2:12:23
link,everytime,survey,m2v1rx5d1lfac8xjptpgm,2023. 7. 8. 오후 6:35:12
link,everytime,survey,w64zq62afxga64829n5vld,2023. 7. 9. 오후 3:30:31
link,everytime,survey,xjynkojyhz8566ros252j4,2023. 7. 9. 오전 11:20:06
link,everytime,survey,nporqcwxqaim3beifot2,2023. 7. 7. 오후 2:57:37
link,everytime,survey,2miyioeuw4t6dp0e7fkfh5,2023. 7. 7. 오후 2:56:57
link,everytime,survey,yl9he8j3rggznwl293ubq,2023. 7. 10. 오후 3:01:52
link,everytime,survey,fkcr8ry2klyxt7f2j759g,2023. 7. 9. 오후 3:23:11
link,everytime,survey,ois7bkd7ys3dli3jz8elt,2023. 7. 9. 오전 11:28:53
link,everytime,survey,77mgc5r1yztut0fgdweg,2023. 7. 9. 오후 1:05:51
link,everytime,survey,0xfyz57tod2za2zyg1ycl,2023. 7. 10. 오후 12:08:23
link,everytime,survey,4ggq466b87kmop8o306vvj,2023. 7. 7. 오전 4:07:12
direct,direct,direct,ruhngwb3g8i9eivtkg1tfd,"7/8/2023, 7:06:57 AM"
direct,direct,direct,zc0vpiz635p7oqt9sx7z7,2023. 7. 9. 오후 7:27:35
direct,direct,direct,jgtrfnfvjxr3aann7rj09g,"7/7/2023, 7:49:45 AM"
direct,direct,direct,sqpyytt9bndtqjuxqa0xu,"7/8/2023, 1:51:56 PM"
direct,direct,direct,t59rm5ct11gqrgbj2hoka,"7/9/2023, 6:55:16 PM"
direct,direct,direct,rd3ghrkiho0mlqdudgf78m,"7/6/2023, 10:01:56 AM"
link,everytime,survey,tho6oj4giq7zblytnh1bt,2023. 7. 7. 오전 1:27:50
link,everytime,survey,6tf9nt7vvac9gvq8u0l2hg,2023. 7. 9. 오후 1:04:43
link,everytime,survey,6cqeskf3wkmecfuo3qom2p,2023. 7. 7. 오후 12:17:28
direct,direct,direct,yuyfhnu933m9kl4xn16xw9,"7/7/2023, 4:44:13 AM"
direct,direct,direct,yvnfkqlnmig5k3yu8248zx,"7/7/2023, 7:40:28 AM"
link,everytime,survey,qj9ff6wul4kgym2gl4kh49,2023. 7. 9. 오후 6:26:12
link,everytime,survey,ru8h7so97ialqe0hgzbnyl,2023. 7. 9. 오후 11:03:49
direct,direct,direct,x17uk3s71sqqdn16cqn4bo,"7/9/2023, 7:12:17 AM"
link,everytime,survey,vux9dgajw886cc66d2x6ss,2023. 7. 7. 오후 6:42:52
direct,direct,direct,78t1alp9btu7w9hpwwlr9a,"7/10/2023, 7:41:05 AM"
link,everytime,survey,71nx4jcjvxodkgdnwnmeg7,2023. 7. 7. 오전 12:41:38
link,everytime,survey,fe4ihmyi6hgxx9s1gyudqk,2023. 7. 8. 오전 12:40:41
link,everytime,survey,2ja0fhrisy9zx2317e5t6,2023. 7. 7. 오전 1:00:27
direct,direct,direct,3wruor3tb045zfyggkr39c,"7/9/2023, 12:27:37 PM"
direct,direct,direct,99uqtrjas4ef5ez2fknwd6,"7/7/2023, 7:30:54 AM"
direct,direct,direct,y9ehj4ox9gmlnzua93u6on,06/07/2023 16:02:08
direct,direct,direct,lxcp50i7gqgocdyx29xhh,"7/7/2023, 1:39:51 PM"
link,everytime,survey,wda5s1k9j49452n5m53hsc,2023. 7. 9. 오후 12:15:43
direct,direct,direct,bl857dums8eualfrg9s3v,"7/8/2023, 7:46:37 AM"
direct,direct,direct,14qg6dkocllkkxqv6qjfa,"7/9/2023, 6:56:05 PM"
link,everytime,survey,436wpxs3egaj8xhhkce01i,2023. 7. 9. 오후 6:06:55
link,everytime,survey,a1r9xdo9luyasjbrzjk6r,2023. 7. 7. 오전 12:45:51
link,everytime,survey,t8sohwf1bj5u11mjcacn6,2023. 7. 9. 오후 3:19:02
link,everytime,survey,hi55xymimfxjspfw8xfb,2023. 7. 9. 오후 5:19:52
link,everytime,survey,n5rpfm9boqnoh0z81m641,"08/07/2023, 17:55:52"
link,everytime,survey,qbthxnsdkewsd8ugcert9,2023. 7. 10. 오전 12:56:56
link,everytime,survey,vghuitacbic55aerp4ij0e,2023. 7. 9. 오후 7:58:39
link,everytime,survey,ziuhxvn0bwbauz9jjk67c,2023. 7. 9. 오후 10:10:48
direct,direct,direct,8jxaen8p48qmbjlgcbd128,"7/9/2023, 12:26:47 PM"
link,everytime,survey,7w3uahw4rrwhkn3xzbvhd,2023. 7. 8. 오전 12:08:18
link,everytime,survey,irhc7tnbz8plsdl47gvsqs,"7/7/2023, 5:16:33 PM"
direct,direct,direct,kmt05gf20kg8vq2hn90bhv,"7/6/2023, 7:29:29 PM"
link,everytime,survey,fz875mpa6qw8hq0x0giewn,2023. 7. 7. 오후 8:39:03
link,everytime,survey,g0v9kvs4zwf4ewch7zz6m2,2023. 7. 9. 오전 11:45:48
direct,direct,direct,9gho8yrwrnocnqo7pv0cbc,"7/6/2023, 1:59:59 PM"
direct,direct,direct,72jz7a2yi9cbfiz9lzu079,"7/9/2023, 12:50:46 PM"
link,everytime,survey,rt2cqtinjurhmiam2kx72j,2023. 7. 7. 오후 12:37:27
direct,direct,direct,srprmfqvz9tquv7vakfxa,"7/6/2023, 8:22:55 PM"
direct,direct,direct,rhrv5o7uipnsl7nqj20s0h,"7/9/2023, 12:51:24 PM"
link,everytime,survey,7hu9ax0ibkhviumwr726g,2023. 7. 10. 오전 9:43:39
direct,direct,direct,bpndioc6uhrtwdvsuvgfma,"7/8/2023, 7:40:37 AM"
link,everytime,survey,i2se4bt5vp85dx62twv3h8,2023. 7. 10. 오전 11:53:48
link,everytime,survey,jw5t6b3afhhmdmx4fxe8e,2023. 7. 7. 오후 12:51:57
link,everytime,survey,tvm0dogiv3p7pp7rj0omxu,2023. 7. 10. 오후 2:39:22
link,everytime,survey,lkjel4a4h887mnwdmxs3m7,2023. 7. 10. 오후 4:26:12
direct,direct,direct,qgxxzc5e3cd0pksc30zki5o,"7/9/2023, 1:20:45 PM"
link,everytime,survey,1iccx2wewmnjr6i77ktsw,"7/8/2023, 6:28:59 PM"
direct,direct,direct,eazvykyjo6bfysktzvjtpg,"7/10/2023, 5:06:13 AM"
link,everytime,survey,clpzqr01elin28u4fyqn,2023. 7. 9. 오후 1:10:23
link,everytime,survey,hf2xs9qjis7ddv1keik2y,2023. 7. 7. 오후 5:23:52
share,share,share,yzhujovqrll1boidb0cltl,2023. 7. 7. 오후 1:16:07
link,everytime,survey,okyxcs1ouf07fogrwjhuya,2023. 7. 10. 오후 1:59:31
link,everytime,survey,3rwgk4yhdgbnffrk45qmv,2023. 7. 10. 오전 2:27:43
link,everytime,survey,6xskcydrwfudcbisd55tcp,2023. 7. 9. 오후 12:30:25
link,everytime,survey,lpuep45ky6hp63vglgatd,2023. 7. 7. 오전 1:36:45
link,everytime,survey,2huhsrcj524m108pv4gcua,2023. 7. 7. 오후 8:54:15
link,everytime,survey,16sssyhprpezcpo5r331w,2023. 7. 7. 오후 5:12:53
direct,direct,direct,ytgnlwtnpflsm7cg8q25m,"7/10/2023, 7:40:36 AM"
